{"Afar": 0.024486830458045006, "Abkhaz": 0.024486830458045006, "Avestan": 0.024486830458045006, "Afrikaans": 0.024486830458045006, "Akan": 0.024486830458045006, "Amharic": 0.024486830458045006, "Aragonese": 0.024486830458045006, "Arabic": 0.9986649751663208, "Assamese": 0.024486830458045006, "Avaric": 0.024486830458045006, "Aymara": 0.024486830458045006, "Azerbaijani": 0.9729692339897156, "South Azerbaijani": 0.024486830458045006, "Bashkir": 0.024486830458045006, "Belarusian": 0.9589378237724304, "Bulgarian": 0.9898051023483276, "Bihari": 0.024486830458045006, "Bislama": 0.024486830458045006, "Bambara": 0.024486830458045006, "Bengali; Bangla": 0.024486830458045006, "Tibetan Standard": 0.024486830458045006, "Breton": 0.9876648783683777, "Bosnian": 0.9733762145042419, "Catalan; Valencian": 0.024486830458045006, "Chechen": 0.024486830458045006, "Chamorro": 0.024486830458045006, "Corsican": 0.024486830458045006, "Cree": 0.024486830458045006, "Czech": 0.9835681915283203, "Old Church Slavonic": 0.024486830458045006, "Chuvash": 0.024486830458045006, "Welsh": 0.9972383975982666, "Danish": 0.9891778230667114, "German": 0.9954565763473511, "Divehi; Dhivehi; Maldivian;": 0.024486830458045006, "Dzongkha": 0.024486830458045006, "Ewe": 0.024486830458045006, "Greek": 0.9955713152885437, "English": 0.9955192804336548, "Esperanto": 0.024486830458045006, "Spanish; Castilian": 0.024486830458045006, "Estonian": 0.9804302453994751, "Basque": 0.9965311884880066, "Persian": 0.9909623265266418, "Fula; Fulah; Pulaar; Pular": 0.024486830458045006, "Finnish": 0.9794751405715942, "Fijian": 0.024486830458045006, "Faroese": 0.024486830458045006, "French": 0.9963996410369873, "Western Frisian": 0.024486830458045006, "Irish": 0.9908609390258789, "Scottish Gaelic; Gaelic": 0.024486830458045006, "Galician": 0.024486830458045006, "Guaran\u00ed": 0.024486830458045006, "Gujarati": 0.024486830458045006, "Manx": 0.024486830458045006, "Hausa": 0.024486830458045006, "Hebrew": 0.9961848855018616, "Hindi": 0.9971742630004883, "Hiri Motu": 0.024486830458045006, "Croatian": 0.9865118265151978, "Haitian; Haitian Creole": 0.024486830458045006, "Hungarian": 0.9863269329071045, "Armenian": 0.9951497912406921, "Herero": 0.024486830458045006, "Interlingua": 0.024486830458045006, "Indonesian": 0.9859572649002075, "Interlingue": 0.024486830458045006, "Igbo": 0.024486830458045006, "Nuosu": 0.024486830458045006, "Inupiaq": 0.024486830458045006, "Ido": 0.024486830458045006, "Icelandic": 0.9927470088005066, "Italian": 0.9979175925254822, "Inuktitut": 0.024486830458045006, "Japanese": 0.9965324401855469, "Javanese": 0.024486830458045006, "Georgian": 0.9220336675643921, "Kongo": 0.024486830458045006, "Kikuyu": 0.024486830458045006, "Kwanyama": 0.024486830458045006, "Kazakh": 0.024486830458045006, "Kalaallisut": 0.024486830458045006, "Khmer": 0.9619475603103638, "Kannada": 0.9856064915657043, "Korean": 0.964154064655304, "Kanuri": 0.024486830458045006, "Kashmiri": 0.024486830458045006, "Kurdish": 0.9807281494140625, "Komi": 0.024486830458045006, "Cornish": 0.9866995811462402, "Kyrgyz": 0.024486830458045006, "Latin": 0.9971181154251099, "Luxembourgish": 0.024486830458045006, "Ganda": 0.024486830458045006, "Limburgish": 0.024486830458045006, "Lingala": 0.024486830458045006, "Lao": 0.968408465385437, "Lithuanian": 0.9815686941146851, "Luba-Katanga": 0.024486830458045006, "Latvian": 0.9821332097053528, "Malagasy": 0.024486830458045006, "Marshallese": 0.024486830458045006, "M\u0101ori": 0.9796463847160339, "Macedonian": 0.9743000864982605, "Malayalam": 0.9867357015609741, "Mongolian": 0.9937707781791687, "Marathi": 0.9966555833816528, "Malay": 0.9891642928123474, "Maltese": 0.9928745031356812, "Burmese": 0.9627915024757385, "Nauru": 0.024486830458045006, "Norwegian Bokm\u00e5l": 0.024486830458045006, "North Ndebele": 0.024486830458045006, "Nepali": 0.9760638475418091, "Ndonga": 0.024486830458045006, "Dutch": 0.9896842241287231, "Norwegian Nynorsk": 0.024486830458045006, "Norwegian": 0.9847962856292725, "South Ndebele": 0.024486830458045006, "Navajo": 0.9835205674171448, "Chichewa; Chewa; Nyanja": 0.024486830458045006, "Occitan": 0.024486830458045006, "Ojibwe": 0.024486830458045006, "Oromo": 0.024486830458045006, "Oriya": 0.024486830458045006, "Ossetian": 0.024486830458045006, "Panjabi": 0.024486830458045006, "P\u0101li": 0.024486830458045006, "Polish": 0.9952314496040344, "Pashto": 0.024486830458045006, "Portuguese": 0.9943133592605591, "Quechua": 0.024486830458045006, "Romansh": 0.024486830458045006, "Kirundi": 0.024486830458045006, "Romanian": 0.9942605495452881, "Russian": 0.9982265830039978, "Kinyarwanda": 0.024486830458045006, "Sanskrit": 0.9946256279945374, "Sardinian": 0.024486830458045006, "Sindhi": 0.024486830458045006, "Northern Sami": 0.024486830458045006, "Sango": 0.024486830458045006, "Sinhala": 0.024486830458045006, "Slovak": 0.9302284121513367, "Slovene": 0.9943041205406189, "Samoan": 0.024486830458045006, "Shona": 0.024486830458045006, "Somali": 0.9922366738319397, "Albanian": 0.9882625937461853, "Serbian": 0.9878004789352417, "Swati": 0.024486830458045006, "Southern Sotho": 0.024486830458045006, "Sundanese": 0.024486830458045006, "Swedish": 0.9951960444450378, "Swahili": 0.024486830458045006, "Tamil": 0.9892862439155579, "Telugu": 0.9973447918891907, "Tajik": 0.024486830458045006, "Thai": 0.9919004440307617, "Tigrinya": 0.024486830458045006, "Turkmen": 0.024486830458045006, "Tagalog": 0.024486830458045006, "Tswana": 0.024486830458045006, "Tonga": 0.5310870409011841, "Turkish": 0.9871104955673218, "Tsonga": 0.024486830458045006, "Tatar": 0.024486830458045006, "Twi": 0.024486830458045006, "Tahitian": 0.024486830458045006, "Uyghur": 0.024486830458045006, "Ukrainian": 0.9876082539558411, "Urdu": 0.9982479810714722, "Uzbek": 0.024486830458045006, "Venda": 0.024486830458045006, "Vietnamese": 0.9927218556404114, "Volap\u00fck": 0.024486830458045006, "Walloon": 0.024486830458045006, "Wolof": 0.024486830458045006, "Xhosa": 0.024486830458045006, "Yiddish": 0.9991810917854309, "Yoruba": 0.024486830458045006, "Zhuang": 0.024486830458045006, "Chinese": 0.9836891293525696, "Zulu": 0.024486830458045006}