{"Alternative rock": 0.0047514294274151325, "Blues": 0.7485867738723755, "Classical music": 0.0047514294274151325, "Country music": 0.0047514294274151325, "Dance music": 0.0047514294274151325, "Electronic music": 0.0047514294274151325, "Folk music": 0.0047514294274151325, "Hip hop music": 0.0047514294274151325, "Jazz": 0.9376774430274963, "Metal music": 0.0047514294274151325, "Pop music": 0.0047514294274151325, "Punk rock": 0.0047514294274151325, "R&B": 0.0047514294274151325, "Reggae": 0.0047514294274151325, "Rock music": 0.0047514294274151325, "Soul music": 0.0047514294274151325, "World music": 0.0047514294274151325}