{"Christian": 0.7540852427482605, "Muslim": 0.7684001922607422, "Hindu": 0.8365316987037659, "Buddhist": 0.7591449618339539, "Jewish": 0.8741070032119751, "Sikh": 0.18626026809215546, "Atheist": 0.01912754774093628, "Agnostic": 0.01912754774093628, "Other": 0.13478566706180573, "Chinese traditional religion": 0.01912754774093628, "Bah\u00e1'\u00ed": 0.01912754774093628, "Shinto": 0.01912754774093628, "Cao Dai": 0.01912754774093628, "Zoroastrianism": 0.01912754774093628, "Tenrikyo": 0.01912754774093628, "Animism": 0.01912754774093628, "Neo-Paganism": 0.01912754774093628, "Unitarian Universalism": 0.01912754774093628, "Rastafari": 0.01912754774093628}