{"Afghanistan": 0.9773228168487549, "Albania": 0.9754628539085388, "Algeria": 0.9612582921981812, "American Samoa": 0.32550686597824097, "Andorra": 0.32550686597824097, "Angola": 0.9669396877288818, "Anguilla": 0.32550686597824097, "Antarctica": 0.7367040514945984, "Antigua And Barbuda": 0.32550686597824097, "Argentina": 0.826111912727356, "Armenia": 0.9566726684570312, "Aruba": 0.32550686597824097, "Australia": 0.8654271364212036, "Austria": 0.8317771553993225, "Azerbaijan": 0.932662308216095, "Bahamas The": 0.32550686597824097, "Bahrain": 0.9752053022384644, "Bangladesh": 0.9775531888008118, "Barbados": 0.9356728196144104, "Belarus": 0.9500131011009216, "Belgium": 0.9025123119354248, "Belize": 0.944179356098175, "Benin": 0.9571052193641663, "Bermuda": 0.7929179668426514, "Bhutan": 0.9820117950439453, "Bolivia": 0.8624186515808105, "Bosnia and Herzegovina": 0.32550686597824097, "Botswana": 0.8866741061210632, "Bouvet Island": 0.32550686597824097, "Brazil": 0.7994211316108704, "British Indian Ocean Territory": 0.32550686597824097, "Brunei": 0.9705060720443726, "Bulgaria": 0.9456924796104431, "Burkina Faso": 0.32550686597824097, "Burundi": 0.32550686597824097, "Cambodia": 0.9884114861488342, "Cameroon": 0.9491367340087891, "Canada": 0.7522475719451904, "Cape Verde": 0.32550686597824097, "Cayman Islands": 0.32550686597824097, "Central African Republic": 0.32550686597824097, "Chad": 0.9450222253799438, "Chile": 0.8718079924583435, "China": 0.8770056962966919, "Christmas Island": 0.32550686597824097, "Cocos (Keeling) Islands": 0.32550686597824097, "Colombia": 0.8492226600646973, "Comoros": 0.32550686597824097, "Cook Islands": 0.32550686597824097, "Costa Rica": 0.32550686597824097, "Cote D'Ivoire (Ivory Coast)": 0.32550686597824097, "Croatia (Hrvatska)": 0.32550686597824097, "Cuba": 0.8504243493080139, "Cyprus": 0.9504067301750183, "Czech Republic": 0.32550686597824097, "Democratic Republic Of The Congo": 0.32550686597824097, "Denmark": 0.9170112609863281, "Djibouti": 0.32550686597824097, "Dominica": 0.32550686597824097, "Dominican Republic": 0.32550686597824097, "East Timor": 0.32550686597824097, "Ecuador": 0.878044068813324, "Egypt": 0.960104763507843, "El Salvador": 0.32550686597824097, "Equatorial Guinea": 0.32550686597824097, "Eritrea": 0.32550686597824097, "Estonia": 0.9227336049079895, "Ethiopia": 0.9825427532196045, "Falkland Islands": 0.32550686597824097, "Faroe Islands": 0.32550686597824097, "Fiji Islands": 0.32550686597824097, "Finland": 0.9354725480079651, "France": 0.6484371423721313, "French Guiana": 0.32550686597824097, "French Polynesia": 0.32550686597824097, "French Southern Territories": 0.32550686597824097, "Gabon": 0.9557960629463196, "Gambia The": 0.32550686597824097, "Georgia": 0.9407529830932617, "Germany": 0.7785930037498474, "Ghana": 0.9742525815963745, "Gibraltar": 0.9585182070732117, "Greece": 0.9201954007148743, "Greenland": 0.9164880514144897, "Grenada": 0.32550686597824097, "Guadeloupe": 0.32550686597824097, "Guam": 0.9664520025253296, "Guatemala": 0.8721691370010376, "Guernsey and Alderney": 0.32550686597824097, "Guinea": 0.8922683000564575, "Guinea-Bissau": 0.32550686597824097, "Guyana": 0.9499292969703674, "Haiti": 0.9711336493492126, "Heard and McDonald Islands": 0.32550686597824097, "Honduras": 0.8799762725830078, "Hong Kong S.A.R.": 0.32550686597824097, "Hungary": 0.953298032283783, "Iceland": 0.9276896715164185, "India": 0.9557712078094482, "Indonesia": 0.9634310007095337, "Iran": 0.9462890028953552, "Iraq": 0.9817137122154236, "Ireland": 0.9147117137908936, "Israel": 0.8676239848136902, "Italy": 0.9250947833061218, "Jamaica": 0.9576312899589539, "Japan": 0.8558555245399475, "Jersey": 0.729448676109314, "Jordan": 0.9011901617050171, "Kazakhstan": 0.9545067548751831, "Kenya": 0.9604883193969727, "Kiribati": 0.32550686597824097, "Korea North": 0.32550686597824097, "Korea South": 0.32550686597824097, "Kuwait": 0.9860738515853882, "Kyrgyzstan": 0.9621239900588989, "Laos": 0.9686955213546753, "Latvia": 0.8852977752685547, "Lebanon": 0.9747812747955322, "Lesotho": 0.32550686597824097, "Liberia": 0.976704478263855, "Libya": 0.9818786978721619, "Liechtenstein": 0.32550686597824097, "Lithuania": 0.9317044019699097, "Luxembourg": 0.8353307843208313, "Macau S.A.R.": 0.32550686597824097, "Macedonia": 0.9747267961502075, "Madagascar": 0.9714922308921814, "Malawi": 0.8859104514122009, "Malaysia": 0.9386241436004639, "Maldives": 0.32550686597824097, "Mali": 0.9828737378120422, "Malta": 0.916670560836792, "Man (Isle of)": 0.32550686597824097, "Marshall Islands": 0.32550686597824097, "Martinique": 0.32550686597824097, "Mauritania": 0.32550686597824097, "Mauritius": 0.9742476344108582, "Mayotte": 0.32550686597824097, "Mexico": 0.7115763425827026, "Micronesia": 0.32550686597824097, "Moldova": 0.8950660228729248, "Monaco": 0.8924052715301514, "Mongolia": 0.9789349436759949, "Montserrat": 0.32550686597824097, "Morocco": 0.9784013628959656, "Mozambique": 0.9787901043891907, "Myanmar": 0.9672278165817261, "Namibia": 0.9705003499984741, "Nauru": 0.32550686597824097, "Nepal": 0.9786010384559631, "Netherlands Antilles": 0.32550686597824097, "Netherlands The": 0.32550686597824097, "New Caledonia": 0.32550686597824097, "New Zealand": 0.32550686597824097, "Nicaragua": 0.8607850074768066, "Niger": 0.9874832630157471, "Nigeria": 0.9680661559104919, "Niue": 0.32550686597824097, "Norfolk Island": 0.32550686597824097, "Northern Mariana Islands": 0.32550686597824097, "Norway": 0.8814621567726135, "Oman": 0.9817034602165222, "Pakistan": 0.9367340803146362, "Palau": 0.32550686597824097, "Palestinian Territory Occupied": 0.32550686597824097, "Panama": 0.8913347721099854, "Papua new Guinea": 0.32550686597824097, "Paraguay": 0.9000951647758484, "Peru": 0.9352275729179382, "Philippines": 0.8204195499420166, "Pitcairn Island": 0.32550686597824097, "Poland": 0.764808177947998, "Portugal": 0.8850512504577637, "Puerto Rico": 0.32550686597824097, "Qatar": 0.9835540056228638, "Republic Of The Congo": 0.32550686597824097, "Reunion": 0.32550686597824097, "Romania": 0.9462181329727173, "Russia": 0.9544580578804016, "Rwanda": 0.9760178327560425, "Saint Helena": 0.32550686597824097, "Saint Kitts And Nevis": 0.32550686597824097, "Saint Lucia": 0.32550686597824097, "Saint Pierre and Miquelon": 0.32550686597824097, "Saint Vincent And The Grenadines": 0.32550686597824097, "Samoa": 0.9305902719497681, "San Marino": 0.32550686597824097, "Sao Tome and Principe": 0.32550686597824097, "Saudi Arabia": 0.32550686597824097, "Senegal": 0.9263182282447815, "Serbia": 0.9474779963493347, "Seychelles": 0.32550686597824097, "Sierra Leone": 0.32550686597824097, "Singapore": 0.9566366672515869, "Slovakia": 0.9270312786102295, "Slovenia": 0.9393239617347717, "Smaller Territories of the UK": 0.32550686597824097, "Solomon Islands": 0.32550686597824097, "Somalia": 0.991361677646637, "South Africa": 0.32550686597824097, "South Georgia": 0.32550686597824097, "South Sudan": 0.32550686597824097, "Spain": 0.8951812982559204, "Sri Lanka": 0.32550686597824097, "Sudan": 0.9791872501373291, "Suriname": 0.32550686597824097, "Svalbard And Jan Mayen Islands": 0.32550686597824097, "Swaziland": 0.32550686597824097, "Sweden": 0.9170462489128113, "Switzerland": 0.9302875995635986, "Syria": 0.9708788990974426, "Taiwan": 0.9468785524368286, "Tajikistan": 0.9515384435653687, "Tanzania": 0.9407109022140503, "Thailand": 0.9697495698928833, "Togo": 0.32550686597824097, "Tokelau": 0.32550686597824097, "Tonga": 0.9041833281517029, "Trinidad And Tobago": 0.32550686597824097, "Tunisia": 0.9784680604934692, "Turkey": 0.9310674667358398, "Turkmenistan": 0.32550686597824097, "Turks And Caicos Islands": 0.32550686597824097, "Tuvalu": 0.32550686597824097, "Uganda": 0.9621173739433289, "Ukraine": 0.9664648175239563, "United Arab Emirates": 0.32550686597824097, "United Kingdom": 0.32550686597824097, "United States": 0.32550686597824097, "United States Minor Outlying Islands": 0.32550686597824097,