{"Countries,Languages,Food,Music": 0.005912966713717138, "Countries,Languages,Food,Religion": 0.0033298320036064463, "Countries,Languages,Music,Religion": 0.0038161294223083278, "Countries,Food,Music,Religion": 0.0027095470816095152, "Languages,Food,Music,Religion": 0.004430784515627403}