{"Countries,Languages,Food": 0.00900482507050293, "Countries,Languages,Music": 0.010872384333049585, "Countries,Languages,Religion": 0.008193947533748237, "Countries,Food,Music": 0.006973413714512515, "Countries,Food,Religion": 0.004138476741534321, "Countries,Music,Religion": 0.006520603143368162, "Languages,Food,Music": 0.013486929003979577, "Languages,Food,Religion": 0.007785202891762964, "Languages,Music,Religion": 0.01398626780545624, "Food,Music,Religion": 0.012585992218487165}