{"Countries,Languages": 0.5369896750782615, "Countries,Food": 0.01950065546066687, "Countries,Music": 0.011636902872787472, "Countries,Religion": 0.008220163595347729, "Languages,Food": 0.022108304545881644, "Languages,Music": 0.028309585132468746, "Languages,Religion": 0.019112478076175464, "Food,Music": 0.017365653356629766, "Food,Religion": 0.010241577915983183, "Music,Religion": 0.03728035031620205}