{"Countries,Languages,Food,Music": 0.021053788092311062, "Countries,Languages,Food,Religion": 0.018136345191183487, "Countries,Languages,Music,Religion": 0.017951945577663105, "Countries,Food,Music,Religion": 0.017936625998860464, "Languages,Food,Music,Religion": 0.019482721574646682}