{"Countries,Languages": 0.15090601893061195, "Countries,Food": 0.018405541753447288, "Countries,Music": 0.0241986870103763, "Countries,Religion": 0.01846133751959827, "Languages,Food": 0.03317027471160981, "Languages,Music": 0.028346015576124428, "Languages,Religion": 0.026892151296386235, "Food,Music": 0.029317148624798832, "Food,Religion": 0.020317273902789895, "Music,Religion": 0.030462559955900706}