{"Countries,Languages,Food": 0.02305936355806741, "Countries,Languages,Music": 0.02271097556438494, "Countries,Languages,Religion": 0.02053505497407561, "Countries,Food,Music": 0.024248748807068825, "Countries,Food,Religion": 0.017243982138088587, "Countries,Music,Religion": 0.02063661661547832, "Languages,Food,Music": 0.02669271331588659, "Languages,Food,Religion": 0.02438534298447784, "Languages,Music,Religion": 0.022008237644582554, "Food,Music,Religion": 0.02300778535366361}